id,name,phone,address,city,county,zip_code,lat,lng,category,services,hours,eligibility,website,verified_date,source,created_at,updated_at
0307b3b3-7ca0-4704-8285-f171cd9a1a24,The Drake House,770-587-4712; 844-249-8367,"10500 Clara Drive, Roswell, GA 30075",Roswell,Fulton,30075,34.0358763,-84.3459424,Housing,Emergency and transitional housing for homeless women with children; support services,Mon-Thu 9:00am-5:00pm,Homeless women with children,https//thedrakehouse.org,2026-01-23,FACAA,2026-02-19 20:14:55.163374+00,2026-02-19 20:14:55.163374+00
039c3a36-af93-4cd5-b7bd-99cce5e8573d,Community Services Block Grant (CSBG),(877) 423-4746,"47 Trinity Ave. S.W.
Atlanta, GA 30334",Atlanta,Fulton,30334,33.7478362244531,-84.389211345359,Financial,"Federally funded program supporting community action agencies to provide services addressing employment, education, housing, nutrition, emergency services and health",Call for assistance,U.S. citizen or legally admitted immigrant; household income at or below 125% of Federal Poverty,https://dfcs.georgia.gov/services/community-services-block-grant-csbg,2026-01-23,DFCS,2026-02-19 20:14:55.590887+00,2026-02-19 20:14:55.590887+00
04c331f5-0c59-479d-bc7b-2a41d6974f49,Atlanta Housing Authority,404-892-4700,"230 John Wesley Dobbs Ave NE, Atlanta, GA 30303",Atlanta,Fulton,30303,33.7582852695331,-84.379833718375,Housing,"Public housing authority for Atlanta providing affordable housing, vouchers, and supportive services.",Mon-Fri 8am-5pm except holidays,"Low-income families, seniors & individuals with disabilities; apply via waiting list.",https//www.atlantahousing.org/,2026-01-23,Fulton Services,2026-02-19 20:14:55.75617+00,2026-02-19 20:14:55.75617+00
0e997b5c-4807-4b5c-8cd4-da84d8ae0146,Agape Youth & Family Center,(404) 355-1877,"2210 Marietta Blvd NW, Atlanta, GA 30318",Atlanta,Fulton,30318,33.81519,-84.444224,"Youth Services ",Provides programs and resources for underserved children and families including after-school programming,"Call for availability ",Children and families in need,https://agapeatlanta.org,2026-02-19,,2026-02-19 20:17:13.061354+00,2026-02-19 20:17:13.061354+00
10928f68-4323-48f7-919d-261a410c47cf,Georgia Justice Project,(404) 827-0027,"438 Edgewood Ave SE, Atlanta, GA 30312",Atlanta,Fulton,30312,33.7545384724442,-84.3733776116366,Legal,Provides legal representation and advocacy for individuals in the criminal justice system," Mon-Thurs 9:00am-5:00pm; Friday 9:00am-1:00pm",Individuals impacted by the criminal justice system,https://www.gjp.org,2026-02-19,,2026-02-19 20:17:13.061354+00,2026-02-19 20:17:13.061354+00
11dac66d-5d3c-42f9-ad7d-284ebe28a9ab,Teen Health Care Center,"(404)-616-1000 (Main);
(404)-616-1000 (Appointments)","80 Jesse Hill Jr Drive SE
Atlanta, GA 30303",Atlanta,Fulton,30303,33.752165,-84.382179,Healthcare,"Confidential teen-friendly health education, contraception/birth control, STI/HIV testing & treatment, pregnancy testing, HPV vaccines",24/hr,Ages 13-19,https://www.gradyhealth.org/,2026-01-23,SKYE,2026-02-19 20:14:55.903421+00,2026-02-19 20:14:55.903421+00
152b4bb1-757e-4ea5-8cca-ac382c016474,Emergency Solutions Grant (Fulton County),404-612-4000,"141 Pryor St. SW, Atlanta, GA 30303",Atlanta,Fulton,30303,33.751508,-84.391737,Utlities,"Provides eviction prevention, utility assistance, security deposits, rental arrears and emergency shelter services",Call for avialbility,Low-income households facing housing crisis,https://fultoncountyga.gov/inside-fulton-county/fulton-county-departments/community-development/community-block-grants/emergency-solutions-grant,2026-02-19,,2026-02-19 20:17:13.061354+00,2026-02-19 20:17:13.061354+00
15784879-f913-4b60-a003-d6216ac16b76,Atlanta Volunteer Lawyers Foundation (AVLF)  Tenant/Landlord Program,404-521-0790,"352 University Ave SW n118, Atlanta, GA 30310",Atlanta,Fulton,30310,33.7216979990297,-84.3995901183763,Legal,Provides free legal assistance to low-income tenants facing eviction and other landlord/tenant issues.,Mon-Fri 9am-1pm,Residents of Fulton or Clayton counties with income at or below 200% of the federal poverty level.,https://avlf.org/,2026-01-23,Fulton Services,2026-02-19 20:14:56.046691+00,2026-02-19 20:14:56.046691+00
1786bef8-cea1-4983-8a99-ea8c23145436,Urban League of Greater Atlanta,404-659-6577,"229 Peachtree St NE Suite 300, Atlanta, GA 30303",Atlanta,Fulton,30303,33.760167,-84.387865,Employment,"Workforce development, career readiness and job placement programs",Monday–Friday 8:00 AM – 5:00 PM,Individuals seeking employment support,https://ulgatl.org,2026-02-19,,2026-02-19 20:17:13.061354+00,2026-02-19 20:17:13.061354+00
17b100dc-02f0-4ceb-84c2-a5ac1e2a5b8a,Low Income Home Energy Assistance Program (LIHEAP) Georgia Department of Human Resources,404-657-3426,"47 Trinity Ave. S.W.
Atlanta, GA 30334",Atlanta,Fulton,30334,33.748068,-84.389222,Financial,Provides federal energy assistance payments to help low-income households pay heating and cooling bills.,Call for assistance,Households at or below 150% of poverty; U.S. citizens or legally admitted aliens; responsible for energy costs.,https://dfcs.georgia.gov/services/low-income-home-energy-assistance-program-liheap,2026-01-23,Fulton Services,2026-02-19 20:14:56.575646+00,2026-02-19 20:14:56.575646+00
19aa64d2-688e-4dd1-abd6-4cfa2476a42b,Atlanta WorkSource,404-546-3000,"818 Pollard Blvd SW, Atlanta, GA 30315",Atlanta,Fulton,30315,33.732632,-84.390165,Employment,"Career counseling, job training, internships and employment services",Mon-Fri 8:30 AM-5:30 PM,City of Atlanta residents seeking employment,https://worksourceatlanta.org,2026-02-19,,2026-02-19 20:17:13.061354+00,2026-02-19 20:17:13.061354+00
1b20b38a-26da-4aca-a185-e466189495df,Foster Care Placement,(877) 423-4746,"47 Trinity Ave SW, Atlanta, GA 30334",Atlanta,Fulton,30334,33.7478362244531,-84.389211345359,Housing,Coordinates placement of children into foster homes and provides support for foster care placementshttps//dfcs.georgia.gov/about-us/contact-information,Call for assistance,Children in state custody and licensed foster families; Must be at least 21 years of age; Must complete an information session virtually or in person at the local county office; Must successfully complete pre-service IMPACT Family Centered Practice training; Must complete a medical exam; Must undergo both child protective screening and criminal record check; Must provide proof of current residence & financial stability,https://fostergeorgia.com/general-information/,2026-01-23,DFCS,2026-02-19 20:14:56.692817+00,2026-02-19 20:14:56.692817+00
1bf4bc75-7328-48ee-a0f3-cccbd1229835,Hope Atlanta H,404-817-7070,"458 Ponce de Leon Ave. NE, Building B, Terrace Level, Atlanta, GA 30308",Atlanta,Fulton,30308,33.773927,-84.371991,Housing,"Provides homeless prevention services, shelter placement and supportive housing",Call for availability,Individuals and families at risk of homelessness,https://hopeatlanta.org/,2026-02-19,,2026-02-19 20:17:13.061354+00,2026-02-19 20:17:13.061354+00
1cf9376b-10c3-4613-bb48-90fdfc503ef5,Georgia Campaign for Adolescent Power & Potential (GCAPP),(404) 524-2277,"1849 The Exchange SE, Suite 200, Atlanta, GA 30339",Atlanta,Fulton,30339,33.9078529978882,-84.4782143,Youth Services,"Youth empowerment, parent engagement, comprehensive sex education, teen pregnancy prevention, physical activity & nutrition",Call for assistance,Adolescents and parents,https//www.gcapp.org/,2026-01-23,SKYE,2026-02-19 20:14:56.807968+00,2026-02-19 20:14:56.807968+00
1d1c661f-9d05-4fc4-966a-31fdf2178d27,Covenant House Georgia,404-589-0163,"1559 Johnson Rd NW, Atlanta, GA 30318",Atlanta,Fulton,"30318
",33.788075,-84.437638,Housing,Shelter and services for homeless youth including housing and support,Mon-Fri 9:00 AM-5:00 PM,Youth experiencing homelessness,https://covenanthousega.org,2026-02-19,,2026-02-19 20:17:13.061354+00,2026-02-19 20:17:13.061354+00
1dcc775f-28a4-40c3-9ab7-a08dc96ddd32,North Fulton Regional Health Center,770-520-7241,"3155 Royal Drive, Alpharetta, GA 30022",Alpharetta,Fulton,30022,34.0581380606371,-84.2646143711639,Healthcare,"Services offered  at this location include: COVID-19 Vaccinations; Immunizations; Tuberculosis (TB) Skin Test; Refugee Health Screening; SSI Disability Screening; Travel Clinic; Teen Health Services; Oral Health Services(childern only); Low THC Oil Card (Pick-Up Only); Eye, Ear, and Dental Screening; SafeWorks; Mpox Vaccinations; WIC Services; Food Services; Swimming Pool & Spa; Sewage Systems; Tourist Accommodations; Nuisance Complaints; Pregnancy Testing; Family Planning; Perinatal Cases Management; Breast & Cervical Cancer Screening; STI Evaluation & Treatment; Presumptive Eligibility for Medicaid",Mon-Fri 8:30am-12pm & 1pm-5pm,General public; call for appointment.,https//fultoncountyboh.com/locations/,2026-01-23,Fulton Services,2026-02-19 20:14:56.943091+00,2026-02-19 20:14:56.943091+00
1ed6709e-e754-420e-9867-7451e11f557e,Neighborhood Union Health Center,770-520-7351,"186 Sunset Avenue NW, Atlanta, GA 30314",Atlanta,Fulton,30314,33.7601131192753,-84.410477890449,Healthcare,"Provides immunizations, WIC, family planning and perinatal case management.",Mon-Fri 8:30am-12pm & 1pm-5pm,General public; call for appointment.,https//fultoncountyboh.com/locations/,2026-01-23,Fulton Services,2026-02-19 20:14:57.07976+00,2026-02-19 20:14:57.07976+00
226fe95d-f8c7-47e9-9769-0e91d6b3521f,Ben Massel Dental Clinic,404-881-1858,"700 Fourteenth Street NW, Atlanta, GA 30318",Atlanta,Fulton,30318,33.7858600911744,-84.4098205446102,Healthcare,"Dental exams, x-rays, diagnostics, fillings, extractions, oral surgery, orthodontics (children only), case management, family services",Mon-Fri 8:30-4:30,"If you are uninsured (dental coverage), a resident of metro Atlanta (Butts, Cherokee, Clayton, Cobb, Coweta, DeKalb, Douglas, Fayette, Fulton, Gwinnett, Henry, Paulding, Rockdale) and have a household income that is at or below 125% of the Federal Poverty Level, then you may be eligible for services at the BMDC.; For persons with Medicaid or Medicare, please call your dental health plan administrator to confirm covered services.; If you are unemployed, please complete a DOL Wage Inquiry form and submit it to the Department of Labor, as instructed on the form.",https//benmasseldentalclinic.org/,2026-01-23,SKYE,2026-02-19 20:14:57.183356+00,2026-02-19 20:14:57.183356+00
228a6a5b-4bb4-4e83-9d46-ac96165ff06f,Transdev Senior Shared-Ride Transportation,404-613-6000,"141 Pryor Street SW, Atlanta, GA 30303",Atlanta,Fulton,30303,33.7512081909614,-84.3925268211142,Transportation,"Shared-ride van service providing transportation to non-emergency medical appointments, senior centers, and adult daycare.",Call for schedule; operates on weekdays,Fulton County seniors aged 60+; service under Older Americans Act; call to enroll.,https//www.fultoncountyga.gov/inside-fulton-county/fulton-county-departments/senior-services/senior-transportation,2026-01-23,Fulton Services,2026-02-19 20:14:57.321406+00,2026-02-19 20:14:57.321406+00
235913e2-6db4-4011-ace2-4ebb0df8c9af,Feeding GA Families Food Pantry (College Park),678-223-3663,"2514 W Point Ave, Atlanta, GA 30337",Atlanta,Fulton,30337,33.6274919288971,-84.471968637795,Food,Provides groceries and meals for families and the homeless,Mondays 6:00pm to 8:00pm,"Families, homeless individuals and single moms",,2026-02-19,,2026-02-19 20:17:13.061354+00,2026-02-19 20:17:13.061354+00
236cf2cb-0fb1-431a-a715-96f27a0fe87a,My Sister’s House,404-367-2465,"921 Howell Mill Rd NW, Atlanta, GA 30318",Atlanta,Fulton,30318,33.780429,-84.410508,Housing,"Emergency shelter for women and children with meals, counseling and vocational training",Mon-Fri 8:00 AM- 4:30 PM,Homeless women and children,https://atlantamission.org/my-sisters-house/,2026-02-19,,2026-02-19 20:17:13.061354+00,2026-02-19 20:17:13.061354+00
241a8bc9-e1c1-4a90-8b28-330b0cff4098,Adoptions Record Search,(404) 657-3555,"47 Trinity Ave SW, Atlanta, GA 30334",Atlanta,Fulton,30334,33.7511814292313,-84.3926126518007,Legal,Assists adoptees and adoptive families with searching adoption records and obtaining information,Call for assistance,Individuals seeking adoption record information,https://dfcs.georgia.gov/about-us/contact-information,2026-01-23,DFCS,2026-02-19 20:14:57.456002+00,2026-02-19 20:14:57.456002+00
24d25c4a-c715-478c-bdcf-d4647555cd5e,Community Assistance Center Financial Assistance & Education Center,770-552-4015,"1130 Hightower Trail, Sandy Springs, GA 30350",Sandy Springs,Fulton,30350,33.9925003627135,-84.3518149608693,Financial,Financial assistance for rent and utilities; career counseling and employment training; educational programs,By appointment,Residents of Sandy Springs and Dunwoody experiencing financial hardship,https//ourcac.org,2026-01-23,FACAA,2026-02-19 20:14:57.581622+00,2026-02-19 20:14:57.581622+00
27d85437-60f3-4359-9c36-d56639c0f9e6,Transportation Options Program for Seniors (TOPS),470-760-3299,"3560 Old Milton Parkway, Alpharetta, GA 30005",Alpharetta,Fulton,30005,34.066279,-84.255968,Transportation,Provides transportation to medical appointments and quality-of-life trips for adults age 60+,Rides must be scheduled in advance,"Adults age 60+ living in Alpharetta, Johns Creek, Milton, Mountain Park, Roswell or Sandy Springs",https://ssnorthfulton.org/senior-services/transportation/,2026-02-19,,2026-02-19 20:17:13.061354+00,2026-02-19 20:17:13.061354+00
27dfca3c-5a95-4c0c-8637-e14a431f983c,Nicholas House,404-622-0793,"830 Boulevard SE, Atlanta, GA 30312",Atlanta,Fulton,30312,33.73184,-84.367952,Housing,Homeless shelter keeping families together and offering supportive services,Mon-Fri 9:00 AM-5:00 PM,Homeless families,https://nicholashouse.org,2026-02-19,,2026-02-19 20:17:13.061354+00,2026-02-19 20:17:13.061354+00
2b0d5762-6f6e-4d06-8fa3-803d1181e77e,Housing Authority of Fulton County,404-588-4950,"4273 Wendell Drive, Atlanta, GA 30336",Atlanta,Fulton,30336,33.7700582780847,-84.5267041364558,Housing,Public housing authority providing rental assistance and housing programs for low-income families.,Mon-Thu 8:30am-530pm; Fri 8:30am-12:30pm; closed weekends & holidays,Low‑income households meeting HUD guidelines.,https//www.hafc.org/,2026-01-23,Fulton Services,2026-02-19 20:14:57.7076+00,2026-02-19 20:14:57.7076+00
36ef5f20-002e-4560-87d5-7e04ad341898,South Fulton Service Center  Adult Behavioral Health,404-612-6520,"5600 Stonewall Tell Road, College Park, GA 30349",College Park,Fulton,30349,33.6016642373772,-84.5498897141683,Mental Health,"Provides outpatient behavioral health services for adults, including counseling and mental health support.",Mon & Wed 8:30am-5pm,Residents of Fulton County; appointment required.,https//www.fultoncountyga.gov/inside-fulton-county/fulton-county-departments/behavioral-health-and-developmental-disabilities,2026-01-23,Fulton Services,2026-02-19 20:14:57.818057+00,2026-02-19 20:14:57.818057+00
3895dd20-066c-4855-b516-832341459405,"Teens at Work, Inc.",404-684-1757,"1622 Ware Avenue, East Point, GA 30344",Atlanta,Fulton,30344,33.6825377683624,-84.4419679376623,Youth Services,"After-school enrichment, culinary arts, community playground, mentoring, camping & wilderness programs",Call for avialbility,Youth,https//www.teensatwork.org/,2026-01-23,SKYE,2026-02-19 20:14:57.926468+00,2026-02-19 20:14:57.926468+00
3ecf97d5-d40e-47dc-87b8-23e00ecf6ed7,Atlanta Community Food Center  Atlanta Community Food Bank,478-394-4547,"3400 North Desert Drive,
Atlanta, GA 30344",Atlanta,Fulton,30344,33.662376,-84.494213,Food,Community food center distributing free groceries; call or for appointment.,Mon-Fri 8:00AM-5:00PM,Open to the community; contact to schedule pickup.,https://www.acfb.org/,2026-01-23,Fulton Services,2026-02-19 20:14:58.027689+00,2026-02-19 20:14:58.027689+00
3effc986-eb06-4ddc-b415-6ec98395f154,Goodwill Career Center – Metropolitan Parkway,770-795-4204,"2160 Metropolitan Pkwy SW, Atlanta, GA 30315",Atlanta,Fulton,30315,33.694816,-84.407727,Employeement,"Job search resources, resume assistance and career classes",Mon–Wed 9:00 AM–5:00 PM; Thu 9:00 AM–7:00 PM; Fri 9:00 AM–4:00 PM; Sat 9:00 AM–12:00 PM,Job seekers,https://goodwillng.org/gw-locations/metropolitan-parkway-store-donation-career-center-30315/,2026-02-19,,2026-02-19 20:17:13.061354+00,2026-02-19 20:17:13.061354+00
3f58e525-0ee1-4298-992d-ac224efa4c1e,Fulton County Behavioral Health Crisis Center,404-616-4784,"2805 Metropolitan Parkway SW, Building A, Atlanta, GA 30315",Atlanta,Fulton,30315,33.679344,-84.409415,Mental Health,"24/7 crisis center offering immediate mental health and substance use support, including living room, observation chairs & crisis beds.",24/7,Individuals whom are experiencing a behavioral health crisis,https//www.fultoncountyga.gov/inside-fulton-county/fulton-county-departments/behavioral-health-and-developmental-disabilities/behavioral-health-crisis-center,2026-01-23,Fulton Services,2026-02-19 20:14:58.140531+00,2026-02-19 20:14:58.140531+00
3fb418e0-aedc-4300-ac57-17d6c3bf8512,Georgia Crisis & Access Line,1-800-715-4225,"200 Piedmont Avenue, S.E. West Tower, 14th Floor, Atlanta, GA 30334",Atlanta,Fulton,30334,33.749901,-84.385978,Mental Health,24-hour crisis line connecting callers to mental health services,24/7,Anyone experiencing a mental health crisis,https://988lifeline.org/,2026-02-19,,2026-02-19 20:17:13.061354+00,2026-02-19 20:17:13.061354+00
424e97b6-9d0e-4bf3-9eec-862a28fb1c4b,Jars of Clay Outreach,(470) 851-5472,"937 Sims St SW, Atlanta, GA 30310",Atlanta,Fulton,30310,33.729389,-84.403715,Housing,Provides shelter and support services for homeless women and children,24/7,Homeless women and children,https://www.jocatlanta.org/,2026-02-19,,2026-02-19 20:17:13.061354+00,2026-02-19 20:17:13.061354+00
48ab3de3-a67d-4d60-a467-164e68081629,The Shepherd’s Inn,404-367-2493,"165 Ivan Allen Blvd NW, Atlanta, GA 30313",Atlanta,Fulton,30313,33.764948,-84.39261,Housing,"Emergency shelter for men providing beds, meals, laundry and job counseling","24/7 ",Homeless men,https://atlantamission.org/shepherds-inn/,2026-02-19,,2026-02-19 20:17:13.061354+00,2026-02-19 20:17:13.061354+00
4c43840f-f4f2-43e1-88be-998b8d707ac0,Families First,404-853-2800,"80 Joseph E. Lowery Boulevard NW, Atlanta, GA 30314",Atlanta,Fulton,30314,33.7571666794658,-84.4178250157282,Mental Health,"Non-judgmental mental health care & support for adults, children, adolescents & families",Mon-Fri 8:00AM-5:00PM,"Children, adults, and families in metro Atlanta seeking mental health counseling, housing stability support, or family strengthening services; open to eligible Fulton County residents depending on program.",https//www.familiesfirst.org/,2026-01-23,SKYE,2026-02-19 20:14:58.256257+00,2026-02-19 20:14:58.256257+00
4f15d5cf-3f24-4f28-acda-c2c6c7b2611b,"Cash Assistance to Medicaid, PeachCare for Kids®, SNAP, and/or TANF Recipients",1-877-423-4746; 1-833-907-0683,"47 Trinity Ave SW, Atlanta, GA 30334",Atlanta,Fulton,30334,33.748995,-84.392439,Financial,"Provided a one-time cash assistance payment of up to $350 to active enrollees of Medicaid, PeachCare for Kids, SNAP or TANF; children in foster care or receiving adoption assistance also eligiblehttps//dfcs.georgia.gov/services/cash-assistance-medicaid-snap-andor-tanf-recipients",Call for avialbility,"Must have been enrolled and actively receiving Medicaid, PeachCare for Kids, SNAP and/or TANF benefits on July 31, 2022https//dfcs.georgia.gov/services/cash-assistance-medicaid-snap-andor-tanf-recipients",https//dfcs.georgia.gov/services/cash-assistance-medicaid-snap-andor-tanf-recipients,2026-01-23,DFCS,2026-02-19 20:14:58.393028+00,2026-02-19 20:14:58.393028+00
4f370dd3-8e59-4691-8b3e-e391703e3718,"Salvation Army North Druid Hills ",(404) 486-2800,"2090 N Druid Hills Rd, Atlanta, GA 30329",Atlanta,Fulton,30329,33.83377,-84.336237,Family Services,"Faith-based community center and church that provides worship services along with social support programs such as food assistance, youth programs, seasonal assistance, and limited emergency financial support.",Mon-Fri 8:30 AM-4:30 PM; Sat 9:30 AM-12:30 PM,Individuals and families needing emergency assistance,http://www.atlantatemple.com,2026-02-19,,2026-02-19 20:17:13.061354+00,2026-02-19 20:17:13.061354+00
4f607dcf-7b0a-4c68-9669-a89f99de901f,Fulton County Clubhouse for Youth,404-612-7115,"1480 DeLowe Drive SW, Atlanta, GA 30311",Atlanta,Fulton,30311,33.715368,-84.463093,Youth Services,Substance abuse prevention and recovery program for youth ages 14–17,Call for availability,Youth ages 14–17,https://www.fultoncountyga.gov/inside-fulton-county/fulton-county-departments/behavioral-health-and-developmental-disabilities/child-or-adolescent-behavioral-health-services/fulton-county-clubhouse-for-youth,2026-02-19,,2026-02-19 20:17:13.061354+00,2026-02-19 20:17:13.061354+00
516b30f0-15d5-4369-8b27-6a5239867cf0,Grady Behavioral Health Outpatient Center,404-616-4444,"10 Park Place SE, Atlanta, GA 30303",Atlanta,Fulton,30303,33.754143,-84.388554,Healthcare,Outpatient mental health services for adults with psychiatrists and therapists,Monday–Friday 8:00 AM – 2:00 PM,Adults seeking behavioral health treatment,https://www.gradyhealth.org/locations/behavioral-health-outpatient-center/,2026-02-19,,2026-02-19 20:17:13.061354+00,2026-02-19 20:17:13.061354+00
5178765b-27fd-4d4b-8879-0aae1ad19af8,DFCS Customer Contact Center,1-877-423-4746,"47 Trinity Ave SW, Atlanta, GA 30334",Atlanta,Fulton,30334,33.748995,-84.392439,,"Provides assistance with applications, renewals and general inquiries for SNAP, TANF, Medicaid, PeachCare for Kids and other DFCS programs",Phone applications accepted Mon-Fri 5 am-midnight,Georgia residents seeking assistance with DFCS programs,https//dfcs.georgia.gov/contacts/snap-customer-contact-center,2026-01-23,DFCS,2026-02-19 20:14:58.511925+00,2026-02-19 20:14:58.511925+00
519d7cd8-6315-47d9-be22-bbca838c502b,Providence Missionary Baptist Church Food Pantry,404-752-6869,"2295 Benjamin E Mays Dr SW, Atlanta, GA 30311",Atlanta,Fulton,30311,33.722835,-84.46379,Food,Provides food and groceries to local residents,Fridays 10:00 AM – 12:00 PM,Requires ID,https://pmbcatlanta.com/,2026-02-19,,2026-02-19 20:17:13.061354+00,2026-02-19 20:17:13.061354+00
549d31e7-c581-4007-a892-8512fead54fb,CHRIS180,404-486-9034;  1-800-896-4106,"1030 Fayetteville Road
Atlanta, Georgia 30316",Atlanta,Fulton,30316,33.726936911607,-84.3207532165236,Mental Health,"Trauma-informed care & counseling services, family counseling, substance use counseling, support for LGBTQ+ youth",Call for aviability,"If you are seeking counseling, adoptions, substance",https//chris180.org/,2026-01-23,SKYE,2026-02-19 20:14:58.622606+00,2026-02-19 20:14:58.622606+00
6182eb83-40cf-427b-aef2-ff8d1c6e9010,Emmaus House Food Pantry,404-525-5948,"27 Haygood Ave SE, Atlanta, GA 30315",Atlanta,Fulton,30315,33.726773,-84.388662,Food,Food pantry supporting families; donation drop-off accepted,Donation drop-off Mon & Fri 9:00 AM – 2:30 PM,Residents in need,https://www.emmaushouseatlanta.org,2026-02-19,,2026-02-19 20:17:13.061354+00,2026-02-19 20:17:13.061354+00
630b1519-127c-4560-85fd-9d2e2d1abc6b,City of Refuge,(404) 952-1201,"1300 Joseph E Boone Blvd NW, Atlanta, GA 30314",Atlanta,Fulton,"30314
",33.763069,-84.430589,Housing,Shelter and services providing life resources and tools for individuals and families living on the margin,Mon-Fri 8:00 AM-4:00 PM,Families and individuals in crisis,"http://www.cityofrefugeatl.org
",2026-02-19,,2026-02-19 20:17:13.061354+00,2026-02-19 20:17:13.061354+00
64462ad8-bbf6-47d9-aff7-9f775f868448,On the Rise Community Development Financial Center,(404) 523-1239,"299 Joseph E Lowery Blvd NW Suite 200, Atlanta, GA 30314",Atlanta,Fulton,30314,33.762737,-84.417254,Financial,"Financial education, credit improvement, homebuyer readiness, matched savings and small business consultation",Call for availability,Individuals and families seeking financial empowerment,https://ontherisecdc.org,2026-02-19,,2026-02-19 20:17:13.061354+00,2026-02-19 20:17:13.061354+00
646a6e62-c6b1-4245-913a-3d5392de1eec,Community Assistance Center  Mini-Market Food Pantry,770-552-4015 ext. 500,"8607 Roswell Rd., Sandy Springs, GA 30350",Sandy Springs,Fulton,30350,33.9874,-84.3594,Food,Mini-Market food pantry providing groceries to residents,Mon-Fri 9:30 am-1 pm; first four Saturdays 9:30 am-12 pm,Residents of Sandy Springs and Dunwoody in need of food assistance,https//ourcac.org,2026-01-23,FACAA,2026-02-19 20:14:58.739304+00,2026-02-19 20:14:58.739304+00
6691585a-d3f4-4f8b-bffd-ddd2db183a5d,VOX Teen Communications (VOX ATL),404-614-0040,"229 Peachtree Street, Suite 725, Atlanta, GA 30303",Atlanta,Fulton,30303,33.760721,-84.386473,Youth Services,"Teen-driven, diverse professional space & learning environment for teens in Metro Atlanta",Monday and Friday virtual; Tus-Thur 3:00PM-7:00PM; Sat 10:00AM - 5:00PM,Teens,https//voxatl.org/,2026-01-23,SKYE,2026-02-19 20:14:58.845209+00,2026-02-19 20:14:58.845209+00
6908a5dd-f301-41d3-86e9-f621c7d0561e,Atlanta Legal Aid Society Fulton County / Downtown Headquarters,404-524-5811,"54 Ellis Street NE, Atlanta, GA 30303",Atlanta,Fulton,30303,33.7588054691511,-84.3857840337193,Legal,"Provides free civil legal assistance to low-income residents in areas such as housing, family law, consumer law, public benefits and elder law.",Mon-Fri 9am-12pm & 1pm-5pm; closed on listed holidays,"Must meet low-income guidelines; some exceptions for seniors and special cases; primarily serves Clayton, Cobb, DeKalb, Fulton & Gwinnett counties.",https//atlantalegalaid.org/get-help-2/,2026-01-23,Fulton Services,2026-02-19 20:14:58.968764+00,2026-02-19 20:14:58.968764+00
6a0485c4-41ee-4c80-83d2-b71502c56b83,10 Park Place Health Center,770-520-7500,"10 Park Place SE, 5th floor, Atlanta, GA 30303",Atlanta,Fulton,30303,33.754351058156,-84.3885081588505,Healthcare,"Provides public health services including immunizations, HIV/AIDS (Ryan White) services, TB prevention & treatment.",Mon-Fri 8:30am-12pm & 1pm-5pm (last walk in 3:30pm),General public; some services require appointment.,https//fultoncountyboh.com/locations/,2026-01-23,Fulton Services,2026-02-19 20:14:59.096043+00,2026-02-19 20:14:59.096043+00
6d076ad1-9ff7-4996-86c3-983e244aa129,WCCI Food Pantry,770-210-5700,"2500 Burdett Rd, College Park, GA 30349",College Park,Fulton,30349,33.594396,-84.471844,Food,Food pantry distribution,Wednesday 10:00 AM – 11:30 AM,Open to local residents in need,https://worldchangers.org/,2026-02-19,,2026-02-19 20:17:13.061354+00,2026-02-19 20:17:13.061354+00
6d088c7d-fc3a-4701-aca2-8c8a6bc24e6e,Ascensa Health at St. Jude's Recovery Center,404-874-2224,"139 Renaissance Parkway NE, Atlanta, GA 30308",Atlanta,Fulton,30308,33.769074,-84.382946,Healthcare,"Intake & assessment, treatment planning, addiction & co-occurring mental health treatment, health services, job readiness",Mon-Fri 8:00 AM - 4:00 PM,Adults with substance use disorders,https//ascensahealth.org/,2026-01-23,SKYE,2026-02-19 20:14:59.203297+00,2026-02-19 20:14:59.203297+00
6eb7f8e5-0188-41a0-8595-cae4646b4bff,Good Samaritan Health Center,404-523-6571,"1015 Donald Lee Hollowell Parkway NW, Atlanta, GA 30318",Atlanta,Fulton,30318,33.7737874562044,-84.4206371895384,Healthcare,"Medical care, dental care, counseling, specialty medical, health education, prenatal care",Mon - Thru 7:45 AM - 4:00 PM; Fri-Sun 7:45-Noon,"Individuals who are low-income, uninsured, and underinsured adults in metro Atlanta, generally requiring household income at or below 200% of the Federal Poverty Level along with proof of residency and income. Patients typically complete a financial screening before receiving services such as medical, dental, or mental health care, and sliding-scale fees may apply.",https//goodsamatlanta.org/,2026-01-23,SKYE,2026-02-19 20:14:59.333898+00,2026-02-19 20:14:59.333898+00
700f17fb-38b8-458d-8e0e-99654f7b4dbf,Child Care and Parent Services (CAPS) Program,1-833-4GACAPS (1-833-442-2277),"2 Martin Luther King Jr. Drive SE, 754 East Tower, Atlanta, GA 30334",Atlanta,Fulton,30334,33.7500084631648,-84.3874747927199,Youth Services,"Provides child care subsidies and scholarships for low-income families while parents work, attend school or traininghttps//caps.decal.ga.gov/en/CAPSTransition",Mon - Fri 8:00 AM - 5:00 PM,"Families must meet income and activity requirements (working, training or attending school)https//caps.decal.ga.gov/en/CAPSTransition",https//caps.decal.ga.gov,2026-01-23,DFCS,2026-02-19 20:14:59.436975+00,2026-02-19 20:14:59.436975+00
768b2938-82d4-4df0-949e-987d1276e419,North Fulton Community Charities (NFCC) Food Pantry  East Roswell,(770) 640-0399,"2385 Holcomb Bridge Road, Roswell, GA 30076",Roswell,Fulton,30076,34.0534538413072,-84.3356529606923,Food,Food pantry distribution by appointment at Bridge to Grace Church.,Monday	9:00 AM - 4:30 PM; Tuesday	9 AM - 7:30 PM; Wednesday	9:00 AM - 4:30 PM; Thursday 9:00 AM - 7:30 PM; Friday	9:00 AM - 4:30 PM; Saturday 10:00 AM - 1:00 PM; Sunday Closed,"Residents in north Fulton County (ZIP codes 30004, 30005, 30009, 30022, 30024, 30075, 30076 & 30097); registration required.",https://nfcchelp.org/,2026-01-23,Fulton Services,2026-02-19 20:14:59.571366+00,2026-02-19 20:14:59.571366+00
7911ce0e-2e24-42e8-ae2c-c2970f0cf210,Gateway Center,404-215-6600,"275 Pryor St SW, Atlanta, GA 30303",Atlanta,Fulton,30303,33.74761,-84.394595,Housing,"Provides coordinated access point for those experiencing homelessness including shelter, showers and case management",24/7,Individuals experiencing homelessness,https://www.gatewayctr.org,2026-02-19,,2026-02-19 20:17:13.061354+00,2026-02-19 20:17:13.061354+00
7951589b-5017-4c01-8bbd-3a94b7f0c2cf,Atlanta Harm Reduction Coalition,404-817-9994,"1231 Joseph E. Boone Blvd NW, Atlanta, GA 30314",Atlanta,Fulton,30314,33.7639008741998,-84.4121295146698,Healthcare,"Confidential & culturally appropriate treatment, preventative care, PrEP, prevention programs, syringe services program, harm reduction counseling",Mon-Thru 10:00 AM-5:00 PM; Friday 10:00 AM-4:00PM,"Serving individuals who use drugs or are at risk for HIV, hepatitis C, or overdose, particularly in Georgia and the Atlanta area. No insurance or income verification is required, and services such as naloxone distribution, safer use supplies, and testing are confidential and accessible with minimal intake requirements.",https://georgiaharmreduction.org/,2026-01-23,SKYE,2026-02-19 20:14:59.800496+00,2026-02-19 20:14:59.800496+00
7affd01e-c969-40af-8aa4-6f1e8c7dab77,Community Assistance Center South Sandy Springs Branch,770-552-4015 ext. 701,"120 Northwood Dr, Suite 150, Sandy Springs, GA 30342",Sandy Springs,Fulton,30342,33.912587,-84.383003,Food,Food pantry; financial assistance interviews by appointment,Mon-Fri 9:30 am-1 pm (food pantry); financial assistance by appointment,Residents of Sandy Springs and Dunwoody in need,https//ourcac.org,2026-01-23,FACAA,2026-02-19 20:14:59.898892+00,2026-02-19 20:14:59.898892+00
835b9e23-27ca-4bbe-9b6a-b2c38e98591c,Family Life Ministries Food Pantry,404-761-6302,"612 College St, Hapeville, GA 30354",Hapeville,Fulton,30354,33.656463,-84.409524,Food,Provides food and assistance to families,"Mon, Tus, Thru 9:00 AM-11:30 PM",Open to local community,http://www.familylifehelps.org,2026-02-19,,2026-02-19 20:17:13.061354+00,2026-02-19 20:17:13.061354+00
83c1514d-4dc3-4b16-8fe9-a4ce6b4c5622,Solomon's Temple Foundation,678-766-5752,"2836 Springdale Rd SW, Atlanta, GA 30315",Atlanta,Fulton,30315,33.678142,-84.415246,Shelter,Holistic emergency and transitional shelter for homeless women and children; job training; financial literacy,Mon-Fri 9:00 AM-5:00 PM,Homeless women with children,https//solomonstempleinc.org,2026-01-23,FACAA,2026-02-19 20:15:00.001581+00,2026-02-19 20:15:00.001581+00
8468fc1d-242b-491a-b77a-4d18ce6a183b,Solomon’s Temple Ministry Shelter,404-228-7724,"2836 Springdale Rd SW, Atlanta, GA 30315",Atlanta,Fulton,30315,33.677415,-84.414926,Housing,Shelter with supportive services for women and children,"Call for availability ",Homeless women and children,https://solomonstempleinc.org/atlanta-homeless-women-children-shelter-contact/,2026-02-19,www.fultoncountyga.gov/-/media/Departments/Community-Development/Fulton-County-HAC-Office-Resource-Guide-5302025-v1.pdf#:~:text=Serves%20both%20Men%20and%20women,2026-02-19 20:17:13.061354+00,2026-02-19 20:17:13.061354+00
8498f391-9ac7-453b-a166-417b927813d3,Hosea Williams Feed the Hungry and Homeless Food Pantry,404-755-3353,"2545 Forrest Hills Dr SW, Atlanta, GA 30315",Atlanta,Fulton,30315,33.68518,-84.400065,Food,Food pantry and assistance for hungry and homeless individuals,Tus-Fri 10:00 AM-6:00 PM,Requires ID and Social Security card,https://4hosea.org,2026-02-19,,2026-02-19 20:17:13.061354+00,2026-02-19 20:17:13.061354+00
84a15c32-c7e9-4d9c-ba8f-fb3c5d49b478,Atlanta City Baptist Rescue Mission,404-577-3409,"316 Peters St SW, Atlanta, GA 30313","Atlanta ",Fulton,30313,33.745956,-84.402997,Housing,Men’s shelter and long-term recovery program,Mon-Sun 4:15 PM-6:30 PM,Homeless men,https://atlantacitybaptistrescue.com,2026-02-19,,2026-02-19 20:17:13.061354+00,2026-02-19 20:17:13.061354+00
85d2b4c3-24a7-463c-afe1-9e2d370c613f,Morehouse Healthcare Lee Street,(404) 752-1000,"455 Lee Street SW, 2nd Floor, Atlanta, GA 30310",Atlanta,Fulton,30310,33.742752,-84.414354,Healthcare,"Primary & Specialty Care, Comprehensive outpatient medical provider network offering primary care, specialty care, women’s health, behavioral health, and chronic disease management",Mon–Fri 8:00 AM–6:00 PM; 4th Wed 8:30 AM–12:00 PM,based on insurance type or ability to self-pay,https//www.morehousehealthcare.com/,2026-01-23,SKYE,2026-02-19 20:15:00.105377+00,2026-02-19 20:15:00.105377+00
86cccb3c-1dd7-4e3f-81d1-24bb32b6e050,WorkSource Fulton South Fulton Career Resource Center,404-613-6800,"5600 Stonewall Tell Road, Suite 204, College Park, GA 30349",College Park,Fulton,30349,33.613605,-84.550332,Employment,"Provides employment assistance including personal career counseling, job readiness workshops, access to job search resources and training",Mon-Fri 8:30am-5pm,Fulton County residents seeking employment; free services,https://atlworks.org/counties/fulton-county/,2026-01-23,Fulton Services,2026-02-19 20:15:00.238751+00,2026-02-19 20:15:00.238751+00
89b2d968-68be-4bac-a0cc-2ba6061ab7c2,Medicaid and PeachCare for Kids Application,(877) 427-3224,"47 Trinity Ave SW, Atlanta, GA 30334",Atlanta,Fulton,30334,33.748995,-84.392439,Healthcare,"Provides health coverage and enrollment assistance for individuals and families meeting income, resource and citizenship requirements; includes Medicaid and PeachCare for Kids",Call for availbility,"Low-income families and individuals, pregnant women, children, people aged 65+, blind or disabledhttps//dfcs.georgia.gov/services/how-do-i-apply-medicaid",https://dch.georgia.gov/peachcare-kids/applications,2026-01-23,DFCS,2026-02-19 20:15:00.453748+00,2026-02-19 20:15:00.453748+00
8ce375bc-816e-4b36-92b6-7b94f5fae804,Housing Help Center (City of Atlanta),404-492-7640,"2 Peachtree St NW, Atlanta, GA 30303",Atlanta,Fulton,30303,33.7540067344808,-84.3903024282952,"Housing
",Provides rental assistance and housing resources for low-income households,Call for availability,Households below 60% area median income,https://www.housinghelpcenter.com,2026-02-19,,2026-02-19 20:17:13.061354+00,2026-02-19 20:17:13.061354+00
8d0d3130-f2bd-43dc-ae22-e32f10b54d64,Adamsville Regional Health Center,770-520-7323,"3700 Martin Luther King Jr. Drive SW, Atlanta, GA 30331",Atlanta,Fulton,30331,33.763593,-84.508973,Healthcare,"Children's oral health, HIV/AIDS treatment, immunizations, pregnancy testing & family planning, STI screening & treatment, WIC",Mon-Fri 8:30 AM-5:00 PM,"Children and adults in the Atlanta area and accepts Medicaid, Medicare, most private insurance plans, and self-pay patients.",https://fultoncountyboh.com/locations/,2026-01-23,SKYE,2026-02-19 20:15:00.559096+00,2026-02-19 20:15:00.559096+00
8d879497-84aa-4096-a32f-8bc2463376a1,Andrew P. Stewart Center,404-458-3193,"987 Ira St SW, Atlanta, GA 30310",Atlanta,Fulton,30310,33.727979,-84.400225,Family Services,Offers community programs and support to families and individuals,Mon-Fri 9:00 AM-5:00 PM,Residents of Pittsburgh neighborhood and surrounding areas,https://stewartcenter.org,2026-02-19,,2026-02-19 20:17:13.061354+00,2026-02-19 20:17:13.061354+00
902598b2-b555-4d1d-b31c-88ac08637fa0,Providence Baptist Church South Atlanta Food Pantry,404-209-1423,"1773 Hawthorne Ave, College Park, GA 30337",College Park,Fulton,30337,33.657261,-84.446918,Food,Distributes groceries to local residents,Saturday 10:00 AM – 12:00 PM,Community members in need,,2026-02-19,,2026-02-19 20:17:13.061354+00,2026-02-19 20:17:13.061354+00
929a6756-3139-4320-bbfb-457de6ee1bab,River Edge Behavioral Health Center,478-803-7600,"1758 Park Place, Atlanta, GA 30315",Atlanta,Fulton,30315,33.761634,-84.371542,Mental Health,Offers mental health and substance use disorder treatment services,Tuesday 8:30 AM-5:00 PM; Thursday 8:30 AM-5:00 PM; Friday 8:30 AM-5:00 PM,Adults and youth needing behavioral health services,https://www.river-edge.org/,2026-02-19,,2026-02-19 20:17:13.061354+00,2026-02-19 20:17:13.061354+00
948c5d02-4936-4b6c-bd7d-a26b0e851218,Zaban Paradies Center,404-872-2915,"1605 Peachtree St NE, 2nd Floor, Atlanta, GA 30309",Atlanta,Fulton,30309,33.79803,-84.389688,Housing,"Shelter and empowerment programs for couples, families and individuals facing homelessness",Call for hours,"Couples, families and individuals experiencing homelessness",https://zabanparadiescenter.org,2026-02-19,,2026-02-19 20:17:13.061354+00,2026-02-19 20:17:13.061354+00
998c1635-170e-47c7-a02b-c6a56f864b20,North Fulton Community Charities (NFCC) Food Pantry  Elkins Road,678-387-4465,"11270 Elkins Road, Roswell, GA 30076",Roswell,Fulton,30076,34.055205,-84.334107,Food,Food pantry providing free groceries to individuals and families in north Fulton County.,Mon/Wed/Fri 9am-4:30pm; Tue/Thu 9am-7:30pm; Sat 10am-1pm,"Residents of north Fulton County with proof of residence; service area ZIP codes 30004, 30005, 30009, 30022, 30024, 30075, 30076 & 30097.",https//www.nfcchelp.org/need-help/food-assistance/,2026-01-23,Fulton Services,2026-02-19 20:15:00.667326+00,2026-02-19 20:15:00.667326+00
9db4d547-bbaf-405a-9ffa-e7dd6bf5ebe3,First Presbyterian Church of Atlanta Food Pantry,404-228-7766,"1328 Peachtree St NE, Atlanta, GA 30309",Atlanta,Fulton,30309,33.790705,-84.386629,Food,Food and hygiene products for people in need,Tuesday 1:00 PM – 6:00 PM,Open to anyone seeking assistance,https://www.firstpresatl.org/foodmarket,2026-02-19,,2026-02-19 20:17:13.061354+00,2026-02-19 20:17:13.061354+00
9e0273ae-9cb7-4c64-96e1-519873356c2b,Fulton County Center for Health & Rehabilitation,(404) 665-8600,"265 Boulevard NE, Atlanta, GA 30312",Atlanta,Fulton,30312,33.761636,-84.371551,Mental Health,Adult behavioral health services including assessments and outpatient treatment,Call for availability,Adults residing in Fulton County,,2026-02-19,,2026-02-19 20:17:13.061354+00,2026-02-19 20:17:13.061354+00
9f736b30-2ff1-401d-a321-129f95a4f463,College Park Regional Health Center,770-520-7201,"1920 John Wesley Avenue, College Park, GA 30337",College Park,Fulton,30337,33.650781,-84.451746,Healthcare,"Children's oral health, STI screening & treatment, pregnancy testing & family planning, WIC, health checks, immunizations",Mon-Fri: 8:30 AM– 12:00 PM & 1:00 PM – 5:00 PM; Thursday Evening Hours: 5:00 PM– 7:00 PM,"Serves children and adults—primarily Fulton County residents—and accepts Medicaid, Medicare, some private insurance, and uninsured patients, with sliding-scale fees available based on income and household size.",https//fultoncountyboh.com/,2026-01-23,SKYE,2026-02-19 20:15:00.771272+00,2026-02-19 20:15:00.771272+00
a0a062a9-d0f9-4971-bf1e-da09b2a645fd,GA Crisis Text Line,988,"200 Piedmont Avenue, S.E. West Tower, 14th Floor
Atlanta, GA 30334 US",Atlanta,Fulton,30334,33.750307,-84.385905,Mental Health,Crisis line for individuals experiencing mental health or substance use crisis,24/7,Georgia residents,https//georgiacollaborative.com/,2026-01-23,SKYE,2026-02-19 20:15:00.897117+00,2026-02-19 20:15:00.897117+00
a2e9d7cc-3c97-47d4-a5fb-1ff719a1f465,EBT Hotline,(877) 423-4746,"47 Trinity Ave SW, Atlanta, GA 30334",Atlanta,Fulton,30334,33.747667,-84.389157,Food,Interactive voice response hotline for ordering or replacing Electronic Benefits Transfer (EBT) cards and checking balances,Call for assistance,SNAP recipients who need assistance with EBT cards,https://dfcs.georgia.gov/ebt-cardholder-assistance,2026-01-23,DFCS,2026-02-19 20:15:00.996323+00,2026-02-19 20:15:00.996323+00
a32af5af-9357-46a0-8a51-43f9dbb81857,Butler Street CME Church Food Pantry,(404) 659-8745,"23 Jesse Hill Jr. Drive SE, Atlanta, GA, 30303",Atlanta,Fulton,30303,33.754079,-84.381126,Food,Food pantry providing groceries to those in need,Tuesday 9:00 AM – 3:00 PM,Open to local residents,,2026-02-19,,2026-02-19 20:17:13.061354+00,2026-02-19 20:17:13.061354+00
a3d516b2-fadb-48fb-be53-96fa2a41557a,Mary Hall Freedom House,(770) 642-5500,"8995 Roswell Rd, Sandy Springs, GA 30350",Sandy Springs,Fulton,30350,34.002433,-84.349775,Housing,Recovery residence with housing and treatment for women,Call for hours,Women overcoming addiction and homelessness,https://www.maryhallfreedomvillage.org/,2026-02-19,,2026-02-19 20:17:13.061354+00,2026-02-19 20:17:13.061354+00
aea7bb69-246a-49d6-81e7-c656d3a1cc61,Midtown Assistance Center Food Pantry,(404) 681-0470,"613 Spring St NW, Atlanta, GA 30308",Atlanta,Fulton,30308,,,Food,"Food pantry and financial assistance; provides groceries, clothing and job aid",Tus-Thru 10:00AM- 12:00 PM,Individuals and families requiring emergency assistance,https://midtownassistancecenter.org/,2026-02-19,"
",2026-02-19 20:17:13.061354+00,2026-02-19 20:17:13.061354+00
b2dc7fff-ad9f-4892-8643-f112807743d6,Open Hand Atlanta,404-872-6947,"1380 W Marietta St NW, Atlanta, GA 30318",Atlanta,Fulton,30318,33.786765,-84.433836,Food,Medically tailored meals and nutrition services for individuals and families,Mon-Fri 9 am-4 pm (Client Services),Individuals needing nutritious meals; referrals may be required,https//www.openhandatlanta.org,2026-01-23,FACAA,2026-02-19 20:15:01.099024+00,2026-02-19 20:15:01.099024+00
b47572c8-1b60-46e3-913a-f48469d5c28b,Goodwill Career Center – Old National,(678) 554-0412,"6175 Old National Hwy Suite 120, Atlanta, GA 30349",Atlanta,Fulton,30349,33.584713,-84.471893,Employment,"Job search assistance, resume help and job training","Mon–Wed 9:00 AM – 5:00 PM; Thursday 9:00 AM-7:00 PM; Friday 9:00 AM-4:00 PM; Saturday 9:00 AM-12:00 PM  ",Open to job seekers,https://goodwillng.org,2026-02-19,,2026-02-19 20:17:13.061354+00,2026-02-19 20:17:13.061354+00
b6635626-2d9a-4ac0-ab08-bb6f6d280f4e,SisterLove,404-254-4734,"1237 Ralph David Abernathy Blvd SW, Atlanta, GA 30310",Atlanta,Fulton,30310,33.739301,-84.428349,Healthcare,"Pregnancy testing, STI testing & counseling, HIV testing, PrEP, health education & prevention",Mon-Fri 10:00 AM-6:00 PM,"Available to women—particularly Black women—and individuals at risk for HIV or STIs in Georgia, with many programs open to all genders and communities; most services do not require insurance, and low- or no-cost options are available depending on the program.",https//www.sisterlove.org/,2026-01-23,SKYE,2026-02-19 20:15:01.225145+00,2026-02-19 20:15:01.225145+00
b734c03a-ed03-4026-be5f-110bed8bd4b0,Atlanta Housing Authority,404-892-4700,"230 John Wesley Dobbs Avenue NE, Atlanta, GA 30303",Atlanta,Fulton,30303,33.758172,-84.379773,Housing,Public housing and housing voucher programs; affordable housing resources,Mon-Fri 8 am-5 pm (except holidays),"Low-income individuals and families, seniors, people with disabilities",https://www.atlantahousing.org,2026-01-23,FACAA,2026-02-19 20:15:01.380332+00,2026-02-19 20:15:01.380332+00
b93ca299-3539-43be-8d5f-0ffddb0673c6,Laurel Heights Hospital,404-888-7860,"934 Briarcliff Road NE, Atlanta, GA 30306",Atlanta,Fulton,30306,33.780043,-84.345367,Mental Health,"Residential psychiatric care, nursing care & medication management, psychological evaluation",24/7,Children and adolescents,https//laurelheightshospital.com/,2026-01-23,SKYE,2026-02-19 20:15:01.500285+00,2026-02-19 20:15:01.500285+00
b9648f6f-5601-47a4-84c0-f8f59505bbf3,Samaritan Counseling Center of Atlanta,404-228-7777,"1328 Peachtree St NE, Atlanta, GA 30309",Atlanta,Fulton,30309,33.790707,-84.386092,Mental Health,Provides counseling and mental health services on a sliding fee scale,Call for appointment,Individuals and families seeking mental health services,https://samaritanatlanta.org/,2026-02-19,,2026-02-19 20:17:13.061354+00,2026-02-19 20:17:13.061354+00
bdafdcdc-886f-44ce-a554-63a5fe5d4370,Family Promise of North Fulton/DeKalb,770-609-5407,"89 Grove Way, Roswell, GA 30075 ",Roswell,Fulton,300075,34.018493,-84.359436,Housing,Provides shelter and case management for families,Mon-Fri 9:00 AM-5:00 PM,Families experiencing homelessness,https://www.familypromisenfd.org/,2026-02-19,,2026-02-19 20:17:13.061354+00,2026-02-19 20:17:13.061354+00
be09b862-0f1c-4637-89de-ef256986daad,City Bridges Food Pantry,770-964-2138,"3355 Old Jonesboro Rd, Fairburn, GA 30213",Fairburn,Fulton,30213,33.554093,-84.501959,Food,Provides groceries and food assistance,"Tuesday 2:00–4:00 PM; 
Saturday 10:00 AM – 12:00 PM",Families and individuals in need,https://citybridges.org/,2026-02-19,,2026-02-19 20:17:13.061354+00,2026-02-19 20:17:13.061354+00
c10beba5-da57-49ce-b1f3-7aa386bc207c,Planned Parenthood  East Atlanta Center,404-688-9300,"440 Moreland Avenue SE, Atlanta, GA 30316",Atlanta,Fulton,30316,33.742079,-84.348857,Healthcare,"STI testing, treatment & vaccines, birth control, pregnancy testing & services, HIV services, women & men's health care, LGBTQIA+ services, emergency contraceptives",Monday	8:30 AM - 4:30 PM; Tuesday	10:00 AM-6:00 PM; Wednesday	8:30 AM -4:30 PM; Thursday 10:00 AM-6:00 PM; Friday 8:30 AM-4:30 PM,"Serves adolescents and adults seeking reproductive and sexual health services, including birth control, STI testing and treatment, cancer screenings, and gender-affirming care",https//www.plannedparenthood.org/,2026-01-23,SKYE,2026-02-19 20:15:01.65077+00,2026-02-19 20:15:01.65077+00
c580903a-15d2-4af5-95d2-817b314e114d,WorkSource Fulton  North Fulton Career Resource Center,404-613-4480,"7741 Roswell Road, Suite 205, Sandy Springs, GA 30350",Sandy Springs,Fulton,30350,33.965949,-84.362662,Employment,"Offers job search assistance, career counseling, workshops, training resources and supportive services for job seekers.",Mon-Fri 8:30am-5pm,Fulton County residents seeking employment; free services; call or email to schedule an appointment.,https//atlworks.org/counties/fulton-county/,2026-01-23,Fulton Services,2026-02-19 20:15:01.765544+00,2026-02-19 20:15:01.765544+00
c6d39069-1011-481d-806d-1024483f4612,UGA Extension South Fulton Service Center,404-613-4920,"1757 E Washington Rd, Atlanta, GA 30344",Atlanta,Fulton,30344,33.675851,-84.446059,Education,Financial literacy classes and educational workshops,"Call for availability ",Residents of South Fulton seeking financial education,https://extension.uga.edu/county-offices/fulton.html,2026-02-19,,2026-02-19 20:17:13.061354+00,2026-02-19 20:17:13.061354+00
c7debbb9-5514-41de-8fd7-49edd6c5c98a,Central Advocacy Outreach,(404) 659-7119,"201 Washington St SW, Atlanta, GA 30303",Atlanta,Fulton,30303,33.749848,-84.389047,Food,"Basic needs and homelessness prevention nonprofit that provides food assistance, clothing, hygiene supplies, case management, and referral services to individuals and families experiencing poverty or housing instability in Atlanta.",Monday–Thursday 9:00 AM – 12:30 PM,low-income individuals and families experiencing food insecurity or economic hardship in the Atlanta area.,Mon–Thur 9:00 AM – 12:30 PM,2026-02-19,,2026-02-19 20:17:13.061354+00,2026-02-19 20:17:13.061354+00
c91a284b-8632-481a-9df8-a711cb42e5f0,First Step Staffing,(404) 577-3395,"302 Decatur St SE Suite 103, Atlanta, GA 30312",Atlanta,Fulton,30312,33.749973,-84.380069,"Employment ",Rapid job placement and support services for individuals with barriers to employment,Call for availability,Individuals experiencing homelessness or barriers to work,https://firststepstaffing.com,2026-02-19,,2026-02-19 20:17:13.061354+00,2026-02-19 20:17:13.061354+00
cafe0a44-27f6-4760-88f3-fff07477ff6f,Fulton County DFCS Office (Northwest),(404) 206-5778; 1-877-423-4746,"1249 Donald Lee Hollowell Pkwy NW, Atlanta, GA 30318",Atlanta,Fulton,30318,33.772226,-84.440145,Family Services,"County DFCS office providing assistance with SNAP, TANF, Medicaid, and other benefits; accepts applications and provides information; also offers Interim Assistance (temporary financial assistance for disabled adults)",Mon-Friday 9:00 AM- 4:00 PM,"Residents of Fulton County; for Interim Assistance disability lasting at least three months, income < $225/month, resources < $500https//dfcs.georgia.gov/locations/fulton-nw-county",https//dfcs.georgia.gov/locations/fulton-nw-county,2026-01-23,DFCS,2026-02-19 20:15:01.887852+00,2026-02-19 20:15:01.887852+00
cd45f138-eac6-4115-87f9-b53baa6a7bb1,Georgia Senior Legal Hotline,404-657-9915,"Atlanta, GA",Atlanta,Fulton,30303,33.7558407280791,-84.388920679127,Legal,"Attorneys give legal advice, brief service and will make referrals to other attorneys or services if needed.",Mon-Thur 9:00 AM-2:00 PM,Georgians age 60 and older,https://www.georgialegalaid.org/organization/georgia-senior-legal-hotline,2026-02-19,,2026-02-19 20:17:13.061354+00,2026-02-19 20:17:13.061354+00
cf7bed1c-fa59-4b29-9841-f6edf2fd1cc0,Toco Hills Community Alliance Food Pantry,404-325-0677,"1790 LaVista Rd NE, Atlanta, GA 30329",Atlanta,Fulton,30329,33.817567,-84.328623,Food,Community food pantry offering groceries and support,Tuesday–Thursday 1:00 PM – 3:30 PM,Open to those in need within the community,https://tocohillsalliance.org/,,urhousega.org/wp-content/uploads/2020/03/Food-Pantry-List.pdf#:~:text=Toco%20Hills%20Community%20Alliance%20St,2026-02-19 20:17:13.061354+00,2026-02-19 20:17:13.061354+00
d48fa982-26d2-4473-b7ef-21add4420bdb,Feminist Center for Reproductive Liberation,(800) 877-6013,"1924 Cliff Valley Way NE, Atlanta, GA 30329",Atlanta,Fulton,30329,33.83586,-84.324298,Healthcare,"STI testing & treatment, birth control, pregnancy testing, transgender health services, HIV testing, emergency contraceptives",Mon-Fri 8:00 AM-5:30 PM,"Provides reproductive health services—including abortion care, birth control, STI testing, and gynecological care—to adolescents and adults seeking services in Georgia.",https//www.feministcenter.org/,2026-01-23,SKYE,2026-02-19 20:15:02.00606+00,2026-02-19 20:15:02.00606+00
d57639aa-d3ae-4303-bd60-37604710317a,"Oak Hill Child, Adolescent and Family Health Center",770-520-7276,"2805 Metropolitan Parkway, Atlanta, GA 30315",Atlanta,Fulton,30315,33.678617,-84.408634,Healthcare,"Sexual health clinic, teen clinic, pregnancy testing & family planning, childhood hearing screening & testing, children's oral health, WIC",Monday	8:30 AM - 5:00 PM; Tuesday 8:30 AM - 5:00 PM; Wednesday 8:30 AM-5:00 PM; Thursday 8:30 AM - 7 PM; Friday 8:30 AM-5:00 PM,"Open to insured and uninsured patients, including those with Medicaid and some private insurance, with sliding-scale fees available based on income and household size; proof of residency and income may be required for discounted services.",https//fultoncountyboh.com/,2026-01-23,SKYE,2026-02-19 20:15:02.146606+00,2026-02-19 20:15:02.146606+00
d5830d4e-909f-4e8a-8e86-4a9a8f85bb0b,Care & Conserve Program – City of Atlanta,404-546-0311,"72 Marietta St NW, Atlanta, GA 30303",Atlanta,Fulton,30303,33.755926,-84.392362,Utilities,Assistance with water and sewer bills and plumbing repairs for qualifying households,Mon-Fri 8:15 AM-5:00 PM,City of Atlanta water customers with past due bills over $300 and meeting income guidelines,https://www.atlantawatershed.org,2026-02-19,,2026-02-19 20:17:13.061354+00,2026-02-19 20:17:13.061354+00
dcaea57b-de12-4f3c-bb04-1d52418fdc62,Feeding GA Families Food Pantry (Fairburn),(678) 223-3663,"1669 Park Road, VFW POST 6449, Fairburn, GA 30213",Fairburn,Fulton,30213,33.569605,-84.602345,Food,"Provides groceries and meals; serves families, homeless individuals and single moms",Sunday 12:00 PM-2:00 PM every Sunday,"Families, homeless, and single mothers; ID not required",https://feedinggafamilies.org/,2026-02-19,,2026-02-19 20:17:13.061354+00,2026-02-19 20:17:13.061354+00
de66c543-3007-413e-830c-25ef69b8a8ad,"Children""s Healthcare of Atlanta Adolescent Medicine Clinic",(404) 785-5437,"35 Jesse Hill Jr. Drive SE, Atlanta, GA 30303",Atlanta,Fulton,30303,33.753865,-84.382,Healthcare,"Confidential pregnancy testing, family planning, STI/HIV testing & treatment, substance abuse screening, medical care for eating disorders",24/7,"Services to infants, children, adolescents, and young adults, typically up to age 21 depending on the specialty and condition.",https://www.choa.org/locations/hughes-spalding-hospital,2026-01-23,SKYE,2026-02-19 20:15:02.267387+00,2026-02-19 20:15:02.267387+00
e017c0e1-5c20-43ac-86d9-8affcfb7aabd,Center for Health & Rehabilitation,(404) 665-8600,"265 Boulevard NE, Atlanta, GA 30312",Atlanta,Fulton,30312,33.761636,-84.371543,Healthcare,"Provides chronic disease prevention, SKYE, adolescent health, WIC services and other public health programs.",Mon-Fri 8:30am-5pm,General public; call for appointment.,https//fultoncountyboh.com/locations/,2026-01-23,Fulton Services,2026-02-19 20:15:02.402122+00,2026-02-19 20:15:02.402122+00
e24f5e39-55f9-4362-bb74-3efe41482b60,Atlanta Center for Self Sufficiency,404-874-8001,"80 Joseph E Lowery Blvd NW, Atlanta, GA 30314",Atlanta,Fulton,30314,33.7570357741642,-84.4179043991911,"Employment
",Job training and employment readiness programs,Mon-Fri 8:30 AM - 4:30 PM,"Adults experiencing homelessness, underemployment, or significant economic hardship in the Atlanta area.",https://www.atlantacss.org,2026-02-19,,2026-02-19 20:17:13.061354+00,2026-02-19 20:17:13.061354+00
e7851669-3d87-4483-89cc-52d87127230b,"Destined For Greatness Outreach Youth Center, Inc.",877-571-6614,"963 Welch Street SW, Atlanta, GA 30310",Atlanta,Fulton,30310,33.7283,-84.4181,Youth Services,Youth mentoring programs,24/7,Youth,https://www.dfgyouth.org/,2026-01-23,SKYE,2026-02-19 20:15:02.513903+00,2026-02-19 20:15:02.513903+00
e79668ea-e971-49ac-b928-2950169f95b7,Hillside Hospital,404-875-4557,"690 Courtenay Drive NE, Atlanta, GA 30306",Atlanta,Fulton,30306,33.790451,-84.36492,Healthcare,"Outpatient & residential care, recreational therapy, animal-assisted therapy, dialectical behavioral therapy for children",Mon-Sun 9:00 AM-5:00 PM,Children and adolescents,https//hside.org/,2026-01-23,SKYE,2026-02-19 20:15:02.62099+00,2026-02-19 20:15:02.62099+00
eb5b396b-9403-4b5f-81d9-a4ee628c8eed,"Community Advanced Practice Nurses, Inc.",404-658-1500,"173 Boulevard NE, Atlanta, GA 30312",Atlanta,Fulton,30312,33.759186,-84.371763,Healthcare,"Pediatric care, vaccinations, physical assessments, family planning, primary care, STI testing & treatment, HIV testing, reproductive care",Tuesday	8:00 AM - 3:00 PM; Wednesday 8:00 AM - 3:00 PM; Thursday 1:00 PM - 5:30 PM; Friday 8:00 AM - 3:00 PM,Healthcare,https//www.careforspecialpeople.com/,2026-01-23,SKYE,2026-02-19 20:15:02.774505+00,2026-02-19 20:15:02.774505+00
ec35249c-9ed4-43e3-b211-3e8a24bacfe1,MARTA Transportation Assistance Program for the Homeless,404-848-5000,"2424 Piedmont Rd NE, Atlanta, GA 30324",Atlanta,Fulton,30324,33.8241174664817,-84.3686492320698,Transportation,Provides 50% off Breeze round-trip and 7-day passes to nonprofit organizations serving homeless individuals,Call for availability,Nonprofit organizations serving homeless individuals,https://itsmarta.com/tsp_home.aspx,2026-02-19,,2026-02-19 20:17:13.061354+00,2026-02-19 20:17:13.061354+00
eea98243-5811-4452-a0ea-9084e7fd382e,Fulton Atlanta Community Action Authority (FACAA),404-320-0166,"341 Kelly Street NE, Atlanta, GA 30312",Atlanta,Fulton,30312,33.745377,-84.380805,Utilities,"Provides LIHEAP energy assistance, housing counseling, financial assistance, youth programs and other supportive services.",Mon-Fri (hours vary; call for appointment),Low-income residents of Fulton County; call or visit website to apply.,https//beltline.org/live/resident-support/empowerment-providers/fulton-atlanta-community-action-authority/,2026-01-23,Fulton Services,2026-02-19 20:15:02.941999+00,2026-02-19 20:15:02.941999+00
efa3ed09-4be8-43db-a808-1acefaa09a28,Southside Medical Center,404-688-1350,"1046 Ridge Avenue SW, Atlanta, GA 30315",Atlanta,Fulton,30315,33.727049,-84.391897,Healthcare,"Medical care, dental care, optometry",Mon-Fri 8:00 AM-8:00 PM,Serving children and adults in the Atlanta area.,https//southsidemedical.net/,2026-01-23,SKYE,2026-02-19 20:15:03.04363+00,2026-02-19 20:15:03.04363+00
effdb82a-847f-4086-946b-f455f7276ad9,Tri-Cities United Methodist Church,404-762-9677,"3510 Atlanta Ave, Hapeville, GA 30354",Hapeville,Fulton,30354,33.65781,-84.410215,Family Services,"Faith-based community and worship organization that provides church services along with community outreach programs such as food assistance, community support events, and limited financial or seasonal assistance.",Mon-Thru 9:30 AM-3:30 PM; Sunday 9:30 AM-12:20 PM,"Individuals and families experiencing financial hardship in the local community,",https://www.tricitiesumc.org/,2026-02-19,,2026-02-19 20:17:13.061354+00,2026-02-19 20:17:13.061354+00
f078fddf-a32a-4945-8933-77cd85ff4555,Fulton County WorkSource,404-613-6800,"141 Pryor St. SW, Atlanta, GA 30303",Atlanta,Fulton,30303,33.751508,-84.391737,Employment,"Career counseling, job training and placement services",Call for availability,Unemployed or underemployed residents of Fulton County,https://fultoncountyga.gov/inside-fulton-county/fulton-county-departments/worksource-fulton,2026-02-19,,2026-02-19 20:17:13.061354+00,2026-02-19 20:17:13.061354+00
f12bd68e-b2d1-459e-8210-de7f438f07d1,Atlanta Public Schools Adult Education,404-802-3560,"130 Trinity Ave. SW, Atlanta, GA, 30303",Atlanta,Fulton,30303,33.7482451119598,-84.3921935687657,Education,Free high school equivalency (GED) classes and adult education,Call for availability,Adults seeking GED or basic education,https://www.atlantapublicschools.us/,2026-02-19,,2026-02-19 20:17:13.061354+00,2026-02-19 20:17:13.061354+00
f1f81ae8-f2de-478c-9abb-eb111571f35a,Poverty 2 Prosperity PS Inc.,844-937-3800,"2001 Martin Luther King Jr Dr SW, Atlanta, GA 30310",Atlanta,Fulton,30310,33.750564,-84.450427,Housing,"Supportive services and resources for low-income, minority, elderly, disabled and vulnerable populations; homeless prevention",Mon-Fri 9:00 AM - 5:00 PM,"Low-income individuals, minorities, elderly, disabled or vulnerable populations",https//poverty2prosperityga.com,2026-01-23,FACAA,2026-02-19 20:15:03.175947+00,2026-02-19 20:15:03.175947+00
f2337615-b477-40d9-af3c-7a9b2a09c6bf,Odyssey Family Counseling Center,(404) 762-9190,"1919 John Wesley Avenue, College Park, GA 30337",College Park,Fulton,30337,33.651343,-84.451608,Youth Services,"School-based mental health, play therapy, art therapy, child & adolescent counseling, substance abuse services, prevention & education services",Mon-Thru 9:00 AM-8:00 PM; Friday 9:00 AM-4:00 PM,"Provides mental health counseling services to children, adolescents, adults, couples, and families in the Atlanta area.",https://odysseycounseling.org/,2026-01-23,SKYE,2026-02-19 20:15:03.280602+00,2026-02-19 20:15:03.280602+00
f4e88062-7e80-4cfc-8b40-93b05449c1ec,Reporting Human Trafficking in GA,(866) 363-4842; 911,"40 Capitol Square SW, Atlanta, GA 30334",Atlanta,Fulton,30334,33.7485750425981,-84.3892338110447,Legal,Hotlines to report human trafficking in Georgia and the National Human Trafficking Hotline,24/7,Anyone needing to report human trafficking,https://law.georgia.gov/key-issues/human-trafficking,2026-01-23,SKYE,2026-02-19 20:15:03.398+00,2026-02-19 20:15:03.398+00
fa320d31-4fa3-41f9-b6fd-ebb33e53b81a,SNAP Works Program,1-877-423-4746,"47 Trinity Ave SW, Atlanta, GA 30334",Atlanta,Fulton,30334,33.7478362244531,-84.389211345359,Food,"Employment and training program for SNAP recipients, providing job search assistance, skills training, GED preparation, vocational training, work experience placements and supportive services like transportation and childcarehttps//dfcs.georgia.gov/services/snap/snap-works-program",Call for assistance,SNAP recipients who are required or volunteer to participate in employment and training activities,https//dfcs.georgia.gov/services/snap-works-program,2026-01-23,DFCS,2026-02-19 20:15:03.519038+00,2026-02-19 20:15:03.519038+00
fd1271a9-443f-4e03-9696-a46dd3dc727f,Fulton County Behavioral Health Crisis Center,404-616-4784,"2805 Metropolitan Parkway SW, Building A, Atlanta, GA 30315",Atlanta,Fulton,30315,33.678946,-84.409317,Mental Health,"24/7 crisis center offering immediate mental health and substance use support, including living room, observation chairs & crisis beds",24/7,Adults experiencing a mental health or substance use crisis; open to Fulton County residents,https://www.fultoncountyga.gov,2026-01-23,Fulton Services,2026-02-19 20:15:03.669053+00,2026-02-19 20:15:03.669053+00